tournament_name,leagueid,matches_count
European Pro League 2024-2025 Season,17381,1096
EPL World Series: Southeast Asia 2024-2025 Season,17659,544
European Pro League 2023-2024 Season,15898,420
DreamLeague Season 25 Qualifiers powered by Intel,17628,246
ESL One Raleigh 2025 Qualifiers,17629,244
ESL One Bangkok 2024 Qualifiers powered by Intel,17299,242
DreamLeague Season 27 Qualifiers,18629,241
DreamLeague Season 26 Qualifiers,17874,223
DreamLeague Season 26,18111,202
Elite League by FISSURE and ESB,16483,199
DreamLeague Season 22 powered by Intel,16201,198
ESL One Birmingham 2024 Qualifiers powered by Intel,16140,198
DreamLeague Season 25 powered by Intel,17765,196
EPL World Series: America 2024-2025 Season,17367,195
DreamLeague Season 24 powered by Intel,17272,194
Riyadh Masters 2024 at Esports World Cup,16881,188
Esports World Cup 2025 Qualifiers,18210,184
DreamLeague Season Qualifiers 24 powered by Intel,17135,178
DreamLeague Division 2 Season 1,18769,170
European Pro League 2025-2026 Season,18866,166
DreamLeague Season 23 Qualifiers Powered by Intel,16390,164
Elite League Season 2 Main Event – presented by ESB,16905,158
DreamLeague Season 22 Qualifiers,16053,145
The International 2025,18324,144
Riyadh Masters 2024 at Esports World Cup Qualifiers,16740,140
EPL World Series: America 2023-2024 Season,15899,129
FISSURE PLAYGROUND 2,18863,124
PGL Wallachia 2025 Season 6,18920,118
FISSURE Universe Episode 6,18433,117
The International 2024,16935,117
FISSURE Universe Episode 5,18107,116
PGL Wallachia 2025 Season 5,18358,116
PGL Wallachia 2025 Season 4,18058,115
CIS Battle 3,18660,112
PGL Wallachia 2025 Season 3,17891,112
PGL Wallachia 2024 Season 2,17119,111
FISSURE Universe Episode 4,17907,110
PGL Wallachia 2024 Season 1,16669,110
DreamLeague Division 2 Season 2,18897,98
SLAM IV,17419,96
BetBoom Dacha Belgrade 2024,17126,95
ESL One Birmingham 2024 Powered by Intel,16518,94
LEON.BET Masters DOTA2 #1,16743,93
SLAM V,17420,93
BetBoom Dacha Dubai 2024,16169,91
ESL One Raleigh 2025,17795,90
Esports World Cup 2025,18375,89
FISSURE PLAYGROUND 1 - Dota,17588,87
CIS Battle Dota 2,18491,87
ESL One Bangkok 2024 powered by Intel,17509,86
Clavision DOTA2 Masters 2025: Snow-Ruyi,18359,85
DreamLeague Season 23 powered by Intel,16632,85
CCT Dota 2 Series 7,17782,85
BetBoom RU Battle,18592,85
1WIN SERIES DOTA 2,16427,83
RES - Regional Series EU #4,16710,81
Clavision DOTA League S1 : Snow-Ruyi,16901,81
CCT Dota 2 Series 6,17637,81
Americas Convergence Series 1,18502,77
Phoenix League,17059,76
Snake Trophy,18105,76
FISSURE Universe Episode 7,18633,75
CCT Dota 2 Series 5,17425,74
CCT Dota 2 Series 8,17984,72
Kobolds Rave 2,16586,71
Snake Trophy,18618,70
CCT Dota 2 Series 3,17056,68
CCT Dota 2 Series 4,17111,67
CCT Dota 2 Season 2 Series 6,18955,61
FISSURE Special,18046,59
CCT Dota 2 Season 2 Series 3,18396,57
FISSURE Universe: Episode 3,16846,57
WINLINE InSight Season 5,16290,56
CCT Dota 2 Season 2 Series 4,18524,56
CCT Dota 2 Season 2 Series 2,18374,55
CCT Dota 2 Series 2,16953,54
ACL×ESL Challenger China,17875,51
Games of Future 2024,15981,50
Asian Dragon Series: Continental Collision,16925,49
AsiaPro League S2,17622,48
CCT Dota 2 Season 2 Series 5,18666,48
EPL World Series: Southeast Asia 2025-2026 Season,18865,46
RES - Regional Series EU #3,16707,45
Road To The International 2025 - Regional Qualifiers Eastern Europe,18304,44
Road To The International 2025 - Regional Qualifiers South America,18305,44
Road To The International 2025 - Regional Qualifiers Southeast Asia,18308,43
SLAM II,17417,43
BLAST SLAM I,17414,43
SLAM III,17418,43
Road To The International 2024 - Regional Qualifiers Eastern Europe,16839,42
CCT Dota 2 Series 1,16869,42
RES - Regional Series EU #1,16343,42
Snake Trophy 2,18331,42
RES - Regional Series SEA #3,16705,41
CCT Dota 2 Season 2 South America Series 1,18799,40
FISSURE Tournament,16730,40
PGL Wallachia Season #4 EEU Closed Qualifiers,17774,39
PGL Wallachia Season #6 EEU Closed Qualifiers,18747,39
Road To The International 2025 - Regional Qualifiers Western Europe,18309,39
Road To The International 2024 - Regional Qualifiers Western Europe,16842,38
PGL Wallachia Season #2 EEU Closed Qualifiers,17011,38
CCT Dota 2 Season 2 Series 1,18242,38
PGL Wallachia Season #6 AMER Closed Qualifiers,18751,38
MESA Invitational,17326,38
PGL Wallachia Season #6 SEA Closed Qualifiers,18750,37
PGL Wallachia Season #4 SEA Closed Qualifiers,17776,37
PGL Wallachia Season #4 WEU Closed Qualifiers,17775,37
Elite League - Closed Qualifier Eastern Europe,16404,37
PGL Wallachia Season #1 EEU Closed Qualifiers,16480,35
BetBoom Dacha Belgrade 2024 - Closed Qualifiers - SEA,17108,35
FISSURE PLAYGROUND 2 - Closed Qualifiers - Americas,18668,35
BetBoom Dacha - Closed Qualifier - EEU,16093,35
FISSURE PLAYGROUND - Closed Qualifiers - SEA,17526,35
FISSURE PLAYGROUND - Closed Qualifiers - WEU,17524,35
Snake Trophy,18893,35
FISSURE PLAYGROUND 2 - Closed Qualifiers - WEU+EEU,18670,34
PGL Wallachia Season #4 AMER Closed Qualifiers,17778,34
FISSURE PLAYGROUND 2 - Closed Qualifiers - China,18667,34
FISSURE PLAYGROUND - Closed Qualifiers - EEU,17523,34
PGL Wallachia Season #6 WEU Closed Qualifiers,18748,33
Americas Convergence Series 1,18498,32
BetBoom Dacha Belgrade 2024 - Closed Qualifiers - EEU,17092,32
RES Unchained - A Blast Dota Slam V Qualifier SEA,18762,32
BLAST Slam IV: China Closed Qualifier,18706,32
FISSURE PLAYGROUND 2 - Closed Qualifiers - EEU,18038,31
PGL Wallachia Season #3 WEU Closed Qualifiers,17673,31
BetBoom Dacha Belgrade 2024 - Closed Qualifiers - WEU,17091,31
Road To The International 2025 - Regional Qualifiers China,18306,31
Elite League Season 2 EEU Closed Qualifiers – presented by ESB,16776,30
PGL Wallachia Season #2 WEU Closed Qualifiers,17012,30
Elite League Season 2 WEU Closed Qualifiers – presented by ESB,16777,30
FISSURE PLAYGROUND - Closed Qualifiers - Americas,17525,30
PGL Wallachia Season #3 SEA Closed Qualifiers,17671,30
PGL Wallachia Season #3 EEU Closed Qualifiers,17674,30
RES Unchained - A Blast Dota Slam V Qualifier EU,18761,29
Redragon Latam Series Dota2,18766,29
FISSURE PLAYGROUND - Closed Qualifiers - China,17527,29
RES Unchained - A Blast Dota Slam IV Qualifier EU,18702,29
FISSURE Universe Ep.4 - Closed Qualifiers - EEU,17767,28
BLAST Slam V: China Closed Qualifier,18830,28
RES Unchained - A Blast Dota Slam IV Qualifier SEA,18704,27
PGL Wallachia Season #3 SA Closed Qualifiers,17670,27
Portal Dota2 World Invitationals,16527,27
Road To The International 2024 - Regional Qualifiers South America,16841,26
AsiaPro League,17458,26
FISSURE Universe Ep.4 - Closed Qualifiers - WEU,17768,26
PGL Wallachia Season #1 WEU Closed Qualifiers,16481,25
BetBoom Dacha - Closed Qualifier - NA and SA,16097,25
RES - Regional Series SEA 1,16207,25
RES - Regional Series SEA #2,16344,23
Opus League,16248,22
Americas Convergence Series 1,18474,22
Battle Squawk,17199,22
RES - Regional Series LATAM #3,16706,22
BetBoom Dacha - Closed Qualifier - China and SEA,16098,21
2024 New Year Cup,16108,21
Bitel True Fighters #4,17554,21
RES - Regional Series SEA #4,16708,21
Bitel True Fighters 2024,17074,20
BetBoom Dacha Belgrade 2024 - Closed Qualifiers - Americas,17122,20
Tennisi Stampede Champions - Season 1,18940,19
RES - Regional Series LATAM #4,16709,19
Road To The International 2024 - Regional Qualifiers North America,16844,19
BetBoom Dacha - Closed Qualifier - WEU,16099,19
Road To The International 2024 - Regional Qualifiers China,16843,19
BetBoom Dacha - Closed Qualifier - MENA,16100,18
Road To The International 2024 - Regional Qualifiers Southeast Asia,16840,17
CCT Dota 2 Season 2 Series 1,18201,17
PGL Wallachia Season #4 CN Closed Qualifiers,17777,16
BetBoom Dacha Belgrade 2024 - Closed Qualifiers - China,17109,16
Elite League Season 2 SEA Closed Qualifiers – presented by ESB,16775,16
Road To The International 2025 - Regional Qualifiers North America,18307,15
FISSURE Universe Ep.4 - Closed Qualifiers - SEA,17771,15
PGL Wallachia Season #1 SA Closed Qualifiers,16477,15
Elite League - Closed Qualifier SEA,16409,14
PGL Wallachia Season #2 SEA Closed Qualifiers,17009,14
Cringe Station Tournament,16338,14
PGL Wallachia Season #3 CN Closed Qualifiers,17672,14
PGL Wallachia Season #1 SEA Closed Qualifiers,16478,14
PGL Wallachia Season #2 CN Closed Qualifiers,17010,13
Blizzard Brawl: New year decider,16158,13
FISSURE Universe Ep.4 - Closed Qualifiers - China,17772,12
Elite League - Closed Qualifier MENA,16410,12
FISSURE Universe Ep.4 - Closed Qualifiers - SA,17770,12
Elite League Season 2 CN Closed Qualifiers – presented by ESB,16774,12
Snake Trophy,18490,12
PGL Wallachia Season #1 CN Closed Qualifiers,16479,11
PGL Wallachia Season #6 CN Closed Qualifiers,18749,11
Открытые Киберспортивные Игры Сбера 2025,19040,10
RES - Regional Series LATAM 1,16233,10
Summoner’s Cup,17318,9
Elite League - Closed Qualifier South America,16407,9
Кубок России Сбера по компьютерному спорту 2025,18434,9
Elite League - Closed Qualifier Western Europe,16405,9
Epic Clash,17319,9
ULD Season 2 : Americas,17969,8
2023 Xmas Cup,16011,8
Elite League - Closed Qualifier China,16408,8
PGL Wallachia Season #1 NA Closed Qualifiers,16476,8
PGL Wallachia Season #2 NA Closed Qualifiers,17007,7
Elite League Season 2 NA Closed Qualifiers – presented by ESB,16778,7
Чемпионат России Сбера 2025,18325,7
Road to APAC Predator League 2026 : Indonesian Series,18859,7
REDRAGON Battle Series DOTA2,18995,7
PREDATOR LEAGUE APAC FINALS 2025,17512,7
PGL Wallachia Season #2 SA Closed Qualifiers,17008,5
Открытые Киберспортивные Игры 2024,17513,5
LATAMAX Cup Royal,16981,5
Universal League S2,17747,5
PGL Wallachia Season #3 NA Closed Qualifiers,17669,5
Arena of Gods,16714,4
FISSURE Universe Ep.4 - Closed Qualifiers - NA,17769,4
Elite League Season 2 SA Closed Qualifiers – presented by ESB,16779,4
Snake Trophy,19054,3
III Киберспортивный турнир Сбера по Dota 2,18485,3
FISSURE PLAYGROUND 2 - Closed Qualifiers - Americas (SA),18700,3
Samsung Odyssey Cup Dota 2 Championship,16933,2
E-sport SM 2025,17876,2
Sunday Evening Cup Series,16078,2
Maincard Unmatched,16349,2
TDL Americas Pro Series 2024 Season 1,15889,2
NADCL Season 8,18190,1
